{
  "rmse": 0.7358218496652461,
  "mae": 0.4113608920593477,
  "alert_accuracy": 0.860032362459547,
  "scale_pos_weight": 51.57446808510638
}